threshold,accuracy,macro_f1,precision_closed,recall_closed,f1_closed,precision_open,recall_open,f1_open,false_open_count,false_closed_count
0.3,0.9851788624194925,0.9851728270843532,0.9832384566729918,0.986514358242107,0.9848736833768907,0.9870486058205089,0.9839003645200486,0.9854719707918156,85,106
0.35,0.985256459998448,0.9852494467812103,0.984927812152943,0.984927812152943,0.984927812152943,0.9855710814094775,0.9855710814094775,0.9855710814094775,95,95
0.4,0.9857996430511368,0.9857921474199873,0.9866412213740458,0.9842931937172775,0.985465808911127,0.9849977269283224,0.9872417982989065,0.9861184859288478,99,84
0.45,0.9861100333669589,0.9861019912143048,0.988045903729678,0.9834999206726955,0.9857676711457423,0.9842734008770604,0.9886087484811664,0.9864363112828674,104,75
0.5,0.9861876309459144,0.9861788405680998,0.9892954146029718,0.9823893384102809,0.9858302818022607,0.9832528666264333,0.9898238153098421,0.9865273993339388,111,67
0.55,0.9864980212617366,0.9864886716454453,0.9907125700560449,0.9815960653656989,0.9861332483264266,0.9825353809093647,0.991190765492102,0.9868440949644639,116,58
0.6,0.986420423682781,0.9864102847550689,0.9916559691912709,0.9804854831032842,0.9860390905464699,0.9815176558978211,0.9921020656136087,0.986781478963668,123,52
0.65,0.9861876309459144,0.9861765417826894,0.9924425148737739,0.979216246231953,0.9857850183676728,0.9803539292141572,0.9928614823815309,0.986568065197706,131,47
0.7,0.9859548382090478,0.9859426154834863,0.993391360412637,0.9777883547517056,0.9855281042616135,0.9790513242555738,0.9937727825030377,0.9863571267053591,140,41
