threshold,accuracy,macro_f1,precision_closed,recall_closed,f1_closed,precision_open,recall_open,f1_open,false_open_count,false_closed_count
0.3,0.9757464118504874,0.9757423305336097,0.9609315152443696,0.9903679141007421,0.9754276827371695,0.9906182713011381,0.9619175627240143,0.97605697833005,61,255
0.35,0.976667434185279,0.976662206531143,0.9636978926319028,0.9892625927680404,0.9763129188094125,0.9895833333333334,0.9647550776583035,0.9770114942528736,68,236
0.4,0.9779722158262338,0.9779659335381383,0.9668004941321804,0.9886309805779252,0.9775938793036146,0.9890126659545246,0.9678912783751493,0.9783379877726621,72,215
0.45,0.9783559751323969,0.9783484436667704,0.9688516968851697,0.9872098531501659,0.9779446269357109,0.9876824817518248,0.9699820788530465,0.97875226039783,81,201
0.5,0.9791234937447233,0.9791148538769124,0.9712330897216607,0.9862624348649929,0.9786900658100909,0.9868141861170051,0.9723715651135006,0.979539641943734,87,185
0.55,0.978969990022258,0.9789596379635639,0.9728422038395504,0.9842096952471183,0.9784929356357928,0.9848988221081244,0.9740143369175627,0.979426340291335,100,174
0.6,0.9793537493284212,0.9793417507265942,0.9750861798809151,0.9826306647718301,0.9788438851749902,0.9834511809839025,0.9762544802867383,0.9798396162781983,110,159
0.65,0.9786629825773275,0.9786478372503997,0.9768467475192943,0.979314700773725,0.978079167323766,0.9803892215568862,0.9780465949820788,0.9792165071770335,131,147
0.7,0.9786629825773275,0.9786449126001113,0.9792623080576223,0.9767882520132638,0.9780237154150198,0.9780989272943981,0.9804360812425329,0.9792661097852029,147,131
