threshold,accuracy,macro_f1,precision_closed,recall_closed,f1_closed,precision_open,recall_open,f1_open,false_open_count,false_closed_count
0.3,0.9755161562667894,0.9755099146830744,0.9634710234278668,0.987051950102637,0.9751189454800717,0.9874636905671915,0.964605734767025,0.9759008838860769,82,237
0.35,0.9772046972139075,0.9771961664725406,0.9683426443202979,0.98531501657982,0.9767551068325898,0.985876993166287,0.9695340501792115,0.9776372261124915,93,204
0.4,0.9785862307160949,0.9785759075638678,0.9722308892355694,0.9840517921995895,0.9781056266185356,0.9847408974165281,0.9734169653524493,0.9790461885092001,101,178
0.45,0.979200245605956,0.9791876911455697,0.9753764115432874,0.9819990525817148,0.9786765284444094,0.9828648729896288,0.9765531660692951,0.9796988538467301,114,157
0.5,0.9791234937447233,0.9791083314409976,0.9776201733648542,0.9794726038212538,0.978545511910396,0.9805505685218432,0.9787933094384708,0.9796711509715994,130,142
0.55,0.9784327269936296,0.9784139764904694,0.979404309252218,0.9761566398231486,0.9777777777777777,0.9775197260681852,0.9805854241338112,0.9790501752031611,151,130
0.6,0.9777419602425359,0.9777197894730884,0.9807478122513922,0.9733143849676299,0.9770169598985576,0.9749406880189798,0.9819295101553166,0.9784226190476191,169,121
0.65,0.9776652083813032,0.9776392408708292,0.9832053742802304,0.97063003315964,0.9768772348033373,0.9725542275343072,0.9843189964157706,0.9784012469383211,186,105
0.7,0.9765906823240463,0.9765586007668822,0.9850337946572256,0.9665245539238907,0.9756914003347413,0.9688921496698459,0.9861111111111112,0.977425801199023,212,93
