threshold,accuracy,macro_f1,precision_closed,recall_closed,f1_closed,precision_open,recall_open,f1_open,false_open_count,false_closed_count
0.3,0.9847908745247148,0.9847857288279747,0.9810934299669135,0.9879422497223544,0.984505928853755,0.9883792048929664,0.9817739975698664,0.9850655288021944,76,120
0.35,0.9850236672615814,0.9850181188834519,0.9821654040404041,0.9873076312866889,0.9847298045731466,0.9877881239505419,0.9828371810449574,0.9853064331937571,80,113
0.4,0.9861100333669589,0.9861040236364481,0.9848005066497784,0.9868316674599397,0.9858150408114748,0.9873687414396591,0.9854191980558931,0.9863930064614215,83,96
0.45,0.9858772406300923,0.9858704266907832,0.9857165529281067,0.9854037759796922,0.9855601396382101,0.9860309747950198,0.9863304981773997,0.9861807137433561,92,90
0.5,0.98626522852487,0.9862582697344271,0.9866539561487131,0.9852451213707758,0.9859490354846392,0.9858941301380252,0.9872417982989065,0.9865675039842149,93,84
0.55,0.986420423682781,0.9864126624244061,0.9882090503505417,0.9839758844994447,0.9860879243183083,0.9847224323097867,0.9887606318347509,0.986737400530504,101,74
0.6,0.9858772406300923,0.9858680299680669,0.9892885691446842,0.9817547199746153,0.9855072463768116,0.9826598311218335,0.9898238153098421,0.986228813559322,115,67
0.65,0.9857996430511368,0.9857897516948882,0.990070467648943,0.9808027923211169,0.9854148402008448,0.9817853379497216,0.9905832320777643,0.9861646631889317,121,62
0.7,0.985256459998448,0.9852450095057492,0.991004016064257,0.9787402824052038,0.9848339719029374,0.9798859201441009,0.991494532199271,0.985656047108561,134,56
