threshold,accuracy,macro_f1,precision_closed,recall_closed,f1_closed,precision_open,recall_open,f1_open,false_open_count,false_closed_count
0.3,0.979200245605956,0.9791974143291776,0.9631723716381418,0.9952629085741355,0.9789547254795372,0.9953739398612182,0.9640083632019116,0.979440103178818,30,241
0.35,0.9805817791081434,0.980577905554814,0.9668304668304668,0.9941575872414338,0.9803036200856364,0.9943225410464938,0.967741935483871,0.9808521910239916,37,216
0.4,0.9820400644715634,0.9820351725689638,0.9705292393149205,0.9932101689562609,0.9817387232714219,0.9934331093463653,0.9714755077658304,0.9823316218665056,43,191
0.45,0.9831145905288203,0.9831087149173388,0.973655664032233,0.9921048476235591,0.9827936805881433,0.9923965936739659,0.9746117084826762,0.9834237492465341,50,170
0.5,0.9837286054186815,0.9837218714040641,0.9758979940911211,0.9909995262908574,0.9833907865872767,0.9913610184904517,0.9768518518518519,0.9840529562208515,57,155
0.55,0.9848031314759383,0.9847949080622348,0.979821679962459,0.9891046897205116,0.9844413012729845,0.9896021699819169,0.9807347670250897,0.9851485148514851,69,129
0.6,0.9848798833371709,0.9848698209632059,0.9823899371069182,0.9865782409600505,0.9844796344441819,0.9872544609386714,0.983273596176822,0.9852600074822297,85,112
0.65,0.9849566351984036,0.9849450775159156,0.9843725335438043,0.9846834043897047,0.9845279444269024,0.9855094114132058,0.9852150537634409,0.985362210604929,97,99
0.7,0.9844961240310077,0.9844818610054448,0.9865100777654341,0.9815253434391283,0.9840113978154187,0.9826099881093936,0.9873058542413381,0.9849523241954709,117,85
