threshold,accuracy,macro_f1,precision_closed,recall_closed,f1_closed,precision_open,recall_open,f1_open,false_open_count,false_closed_count
0.3,0.9760223481027392,0.9760212299822918,0.9613608374384236,0.9907980326828494,0.9758574888663177,0.9909247379126898,0.9618772782503038,0.9761849710982659,58,251
0.35,0.9781950803134942,0.9781924325434997,0.9674014281279106,0.9887355227669363,0.9779521380933699,0.9889837083010086,0.9681044957472661,0.9784327269936296,71,210
0.4,0.9805230076821603,0.9805192071187565,0.9725171767645222,0.9881009043312708,0.9802471078932872,0.988431281813975,0.9732685297691372,0.980791306344226,75,176
0.45,0.9827733374718709,0.9827681776194723,0.9779908819368024,0.9869903220688561,0.9824699936828806,0.987434875881091,0.9787363304981774,0.9830663615560641,82,140
0.5,0.9846356793668037,0.9846293746019135,0.982761347461648,0.9858797398064414,0.9843180738159354,0.9864411943936624,0.9834447144592953,0.9849406753878917,89,109
0.55,0.9857996430511368,0.9857923487391568,0.9863318499682137,0.9846105029351102,0.9854704247717349,0.9852918877937832,0.9869380315917375,0.9861142727065787,97,86
0.6,0.9854892527353146,0.9854800746784085,0.9884984025559106,0.9817547199746153,0.9851150202976996,0.9826467481515014,0.9890643985419199,0.9858451290591174,115,72
0.65,0.9854116551563591,0.985400701029755,0.9906917027764404,0.9793749008408694,0.9850007978299027,0.98046875,0.991190765492102,0.9858006042296072,130,58
0.7,0.9860324357880034,0.9860205986297793,0.99307456917378,0.9782643185784548,0.985613810741688,0.9794848757112908,0.9934690157958688,0.9864273865178707,137,43
